startId,mlistId,startText,startDate,isActive
-101,1,Проводник так хорошо шутил...,2019-07-20 00:00:00,0
-100,1,"Урок физкультуры обещал быть скучным, но Гена принёс...",2019-07-21 00:00:00,0
-99,1,Из школьной программы исключили...,2019-07-19 00:00:00,0
-98,1,Чрезмерно коррумпированный учитель ОБЖ...,2019-07-18 00:00:00,0
-97,1,Как определить лидера в песочнице?,2019-07-17 00:00:00,0
-96,1,Что общего между диваном и карликом?,2019-07-13 00:25:00,0
-95,1,Нашел у отца стринги,2019-07-15 00:00:00,0
-94,1,"Ледокол, использовавшийся не по назначению...",2019-07-16 00:00:00,0
-93,1,Смс от девушки,2019-07-07 00:00:00,0
-92,1,Плохая примета,2019-06-28 00:00:00,0
-91,1,Если лечь на землю и прислушаться,2019-06-21 00:00:00,0
-90,1,На границе,2019-06-14 00:00:00,0
-89,1,В конце рабочей недели,2019-06-07 00:00:00,0
-88,1,Детей нужно защищать от,2019-06-01 00:00:00,0
-87,1,Женщины отличаются от мужчин,2019-05-27 00:00:00,0
-86,1,Проснулся утром в,2019-05-24 00:00:00,0
-85,1,Если бы не песни Пугачевой,2019-05-21 00:00:00,0
-84,1,Как-то раз выпил,2019-05-18 00:00:00,0
-83,1,"Тем, кто пережил майские, полагается",2019-05-10 00:00:00,0
-82,1,Чтобы легче вставать по утрам,2019-05-12 00:00:00,0
-81,1,Человек наполовину состоит из,2019-05-15 00:00:00,0
-80,1,Самая главная победа - это,2019-05-08 00:00:00,0
-79,1,"У меня всего 2 повода, чтобы выпить",2019-05-06 00:00:00,0
-78,1,На майские в планах,2019-04-30 00:00:00,0
-77,1,И сказала рыбка человеческим голосом,2019-05-02 00:00:00,0
-76,1,МЧС предупреждает,2019-05-04 00:00:00,0
-75,1,Лучший подарок для,2019-04-28 00:00:00,0
-74,1,Во времена Пушкина,2019-04-26 00:00:00,0
-73,1,Госдума предложила запретить,2019-04-24 00:00:00,0
-72,1,Больше всего в зоопарке,2019-04-22 00:00:00,0
-71,1,Отличить азиатов очень ,2019-04-21 00:00:00,0
-70,1,У Сбербанка акция,2019-04-20 00:00:00,0
-69,1,В Москве стартует новый,2019-04-19 00:00:00,0
-68,1,Во Франции теперь,2019-04-18 00:00:00,0
-67,1,"В шуткоботе зачины стали появляться реже, потому что",2019-04-17 12:00:00,0
-66,1,Ибо ночь темна и полна,2019-04-15 10:00:00,0
-65,1,Маленькие радости простых,2019-04-10 00:00:00,0
-64,1,Если долго смотреть,2019-04-09 00:00:00,0
-63,1,Моя бывшая,2019-04-07 00:00:00,0
-62,1,Весной в психиатрической лечебнице,2019-04-06 00:01:00,0
-61,1,Каждый охотник желает ,2019-04-05 00:00:00,0
-60,1,Никогда не ешьте,2019-04-04 00:00:00,0
-59,1,Астрологи объявили,2019-04-02 00:00:00,0
-58,1,Учителя тоже люди,2019-04-01 00:00:00,0
-57,1,"В мире, где все люди",2019-04-03 00:00:00,0
-56,1,В день дурака,2019-03-31 00:00:00,0
-55,1,"Проститутка-перфекционист плачет, когда",2019-03-29 00:00:00,0
-54,1,"В клинике пластической хирургии случилась катастрофа,",2019-03-30 00:00:00,0
-53,1,В параллельной вселенной,2019-03-28 00:00:00,0
-51,1,На чемпионате мира по,2019-03-27 00:00:00,0
-50,1,"Вася, чтобы сэкономить",2019-03-26 00:00:00,0
-49,1,"Из того, что можно вытряхнуть",2019-03-25 00:00:00,0
-48,1,"У обычной женщины молоко сбежало, а у женщины-психолога",2019-03-23 00:00:00,0
-47,1,Если запустить в офис,2019-03-24 00:00:00,0
-46,1,"«Это Россия» - сказал он, увидев",2019-03-22 00:00:00,0
-45,1,Есть прямая зависимость между размером груди и,2019-03-21 00:00:00,0
-44,1,"А Вы знаете, что каждый пятый пользователь instagram",2019-03-20 00:00:00,0
-43,1,"Мальчик, воспитанный",2019-03-19 00:00:00,0
-42,1,Лимонад вдвойне вкусней,2019-03-18 00:00:00,0
-41,1,На выходных я предпочитаю,2019-03-17 00:00:00,0
-40,1,Охранник Дикси,2019-03-16 00:00:00,0
-39,1,Если нет...,2019-03-15 00:00:00,0
-38,1,Я бы хотел такую суперсилу,2019-03-13 00:00:00,0
-37,1,В день числа пи,2019-03-14 00:00:00,0
-36,1,Водитель с 40-летним стажем,2019-03-12 21:00:00,0
-35,1,В работе вожатого,2019-03-12 20:00:00,0
-34,1,В правительстве появилась новая должность,2019-03-11 00:00:00,0
-33,1,Если скрестить,2019-03-10 00:00:00,0
-32,1,В школе дизайнеров,2019-03-09 00:00:00,0
-31,1,Я человек простой - ,2019-03-01 00:00:00,0
-30,1,"Я верю не в Бога, а ",2019-03-08 00:00:00,0
-29,1,Лучший подарок на ,2019-03-07 00:00:00,0
-28,1,На церемонии вручения премии Оскар произошёл скандал.,2019-03-06 00:00:00,0
-27,1,"Я бы вызвал тебя на дуэль, но",2019-03-05 00:00:00,0
-26,1,"После того, как столяр Геннадий не справился с мебелью из ИКЕИ,",2019-03-04 00:00:00,0
-25,1,"Когда я вырасту,",2019-03-03 00:00:00,0
-24,1,Пятилетний мальчик бегал вокруг и кричал:,2019-03-02 00:00:00,0
-22,1,Весна ,2019-02-28 00:00:00,0
-21,1,В високосный год,2019-02-27 00:00:00,0
-20,1,На небе только и разговоров,2019-02-26 00:00:00,0
-19,1,Искал в интернете,2019-02-25 00:00:00,0
-18,1,"Мастурбация - это прошлый век, я предлагаю",2019-02-23 00:00:00,0
-16,1,Заходят в бар,2019-02-24 00:00:00,0
-14,1,Секс? А ты когда-нибудь пробовал...,2019-02-22 00:00:00,0
-13,1,"Как узнать, что девушка тебе изменила?",2019-02-20 00:00:00,0
-12,1,В метро теперь,2019-02-19 00:00:00,0
-11,1,Вот и сказочке конец,2019-02-18 00:00:00,0
-10,1,Если твой ребенок...,2019-02-17 00:00:00,0
-9,1,Сегодня в Госдуме опять...,2019-02-13 00:00:00,0
-8,1,Вконтакте вводит новую функцию:,2019-02-15 00:00:00,0
-7,1,Никогда не выкидывайте...,2019-02-14 00:00:00,0
-4,1,Если твоя девушка тебя бросила...,2019-02-11 00:00:00,0
-3,1,Testing3...,2019-02-10 00:00:00,0
-2,1,Testing2...,0000-00-00 00:00:00,0
-1,1,Testing...,0000-00-00 00:00:00,0
1,12,"Это только начало (для взрослых),",2019-05-08 00:00:00,0
2,12,Это тестовая шутка (для взрослых),2019-05-09 00:00:00,0
3,12,На 'Оскаре' случилось,2019-05-09 12:00:00,0
4,11,"Это только начало, ",2019-05-08 00:00:00,0
5,11,Это тестовая шутка,2019-05-09 00:00:00,0
6,11,На 'Оскаре' случилось,2019-05-09 12:00:00,0
7,11,"А вы знали, что Озоль",2019-05-10 12:00:00,0
11,12,Мой любимый квест - это,2019-05-10 12:00:00,0
12,12,В работе вожатого главное,2019-05-11 00:00:00,0
13,11,Самое смешное в лагере,2019-05-11 00:00:00,0
14,12,"Лагерь засыпает, ",2019-05-12 00:00:00,0
15,11,"Лагерь засыпает,",2019-05-12 00:00:00,0
16,11,Отряды отличаются,2019-05-13 00:00:00,0
17,12,В лагере я кайфую от,2019-05-13 00:00:00,0
18,11,Однажды в последний день лагеря,2019-05-14 00:00:00,0
19,12,Однажды в последний день лагеря,2019-05-14 00:00:00,0
20,11,После лагеря Озоль,2019-05-15 00:00:00,0
21,11,Чавой-то,2019-05-16 00:00:00,0
22,11,На траектории успеха,2019-05-18 00:00:00,0
23,11,В школе,2019-05-20 00:00:00,0
24,11,В ходе подготовки к лагерю,2019-05-22 00:00:00,0
25,11,Однажды Озолю приснилось,2019-05-24 00:00:00,0
26,11,Испугался в лагере,2019-05-26 00:00:00,0
27,11,Наступило лето и,2019-06-01 00:00:00,0
28,11,В Шуткоботе,2019-05-28 00:00:00,0
29,11,"Читая шутки про себя, Озоль",2019-05-30 00:00:00,0
30,11,Ржомбопокалипсис,2019-06-04 00:00:00,0
31,11,В лагере всегда не хватает,2019-06-07 00:00:00,0
32,11,Лена Мещерякова готовит,2019-06-10 00:00:00,0
33,2,тест,2019-05-29 18:11:00,0
34,2,Тестирование шуткобота привело к,2019-05-29 19:02:00,1
35,11,Я всегда беру в лагерь,2019-06-13 00:00:00,0
36,11,Слоган для лагеря:,2019-06-16 00:00:00,0
37,11,Каждый охотник желает знать,2019-06-30 00:00:00,0
38,11,И сказала рыбка человеческим голосом,2019-07-14 00:00:00,0
39,11,В Сочи неожиданно,2019-06-23 00:00:00,0
40,11,Чтобы пройти отбор в лагерь,2019-07-07 00:00:00,0
69,11,"Тесты Саши Харитонова хороши тем, что",2019-07-23 00:00:00,0
84,13,"Это только начало, ",2019-07-22 00:00:00,0
85,13,Это тестовая шутка ,2019-07-23 00:00:00,0
86,13,Главное в работе вожатого,2019-07-25 00:00:00,0
87,13,Младшие дети придумали,2019-07-26 00:00:00,0
88,13,После отбоя дети обычно,2019-07-29 00:00:00,0
89,13,Больше всего в лагере мне нравится,2019-09-23 00:00:00,0
90,13,Холодное лето - это,2019-07-30 00:00:00,0
91,13,"Оказалось, что моя напарница",2019-08-05 00:00:00,0
92,13,В лагере на море обычно,2019-08-12 00:00:00,0
93,1,Вот в наше время,2019-07-25 00:00:00,0
94,1,Холодное лето - это,2019-07-29 00:00:00,0
95,13,Отряды отличаются,2019-08-19 00:00:00,0
96,13,В отряде вдруг стало тихо,2019-08-26 00:00:00,0
97,13,Тихий час в офисе ,2019-09-08 00:00:00,0
98,13,Первого сентября вожатые,2019-09-01 00:00:00,0
99,12,В чате по подготовке к лагерю,2019-07-26 00:00:00,0
100,12,Главное не забыть добавить в программу,2019-08-07 00:00:00,0
101,13,"Вожатый - это человек, который",2019-07-27 00:00:00,0
102,13,Мой любимый квест,2019-07-28 00:00:00,0
103,11,Главное не забыть добавить в программу лагеря,2019-07-27 00:00:00,0
104,13,Вожатство и ВДВ,2019-08-02 00:00:00,0
105,13,"Смена обещала быть скучной, но Гена принёс",2019-07-31 00:00:00,0
106,13,Вожатская поговорка,2019-08-08 00:00:00,0
107,13,Лагерь засыпает,2019-09-30 00:00:00,0
108,12,После отбоя дети обычно,2019-08-10 00:00:00,1
109,11,В телевидении мне нравится,2019-08-03 00:00:00,0
110,11,Подъем в лагере нужно делать с помощью,2019-08-08 00:00:00,0
111,11,На самом деле родители в лагере,2019-08-10 00:00:00,0
112,13,В конце смены все дети,2019-10-07 00:00:00,0
113,13,Главный принцип старшего вожатого,2019-10-14 00:00:00,0
114,11,Однажды я нашёл в лагере,2019-08-12 00:00:00,0
115,1,Главным лозунгом акции стал,2019-08-07 00:00:00,0
116,1,Я требую привлечь к ответственности,2019-08-14 00:00:00,0
117,1,В России нужно добавить праздник,2019-08-21 00:00:00,0
118,1,Бесконечно можно смотреть на,2019-08-28 00:00:00,0
119,1,В день знаний,2019-09-01 00:00:00,0
120,13,Вожатый не вожатый без,2019-09-15 00:00:00,0
121,11,В лагере каждую ночь,2019-08-13 00:00:00,0
122,14,"Это только начало, ",2019-08-11 00:00:00,0
123,14,Это тестовая шутка ,2019-08-12 00:00:00,0
124,14,"Мне жаль бородку, потому что",2019-08-13 00:00:00,0
125,11,В первый день в лагере обязательно,2019-08-14 00:00:00,0
126,11,"В первый день мы не купались, потому что ",2019-08-15 00:00:00,0
127,14,Озоль сбрил бородку из-за,2019-08-15 11:00:00,1
128,11,После увольнения Озоль,2019-08-16 00:00:00,0
129,11,Настоящее определение слова 'Озоль':,2019-08-17 00:00:00,0
130,11,Главная новость лагеря:,2019-08-18 00:00:00,0
132,11,На выходном обязательно,2019-08-19 00:00:00,0
133,11,Из яиц динозавра вылупились,2019-08-20 00:00:00,0
134,11,В Квизе не хватало только вопроса про,2019-08-21 00:00:00,0
135,11,Во время съёмок каждый,2019-08-22 00:00:00,0
136,11,В последнюю ночь,2019-08-23 00:00:00,0
137,11,Девиз последнего дня:,2019-08-24 09:30:00,0
138,11,В поезде домой,2019-08-25 00:00:00,0
139,11,Плюсы Озоля в том,2019-08-27 00:00:00,0
140,11,Шуткобот не может,2019-08-28 00:00:00,0
141,11,Новая песня у Озоля:,2019-09-18 00:00:00,0
142,11,На нашем телевидении постоянно,2019-08-26 00:00:00,0
143,11,Озоль придумал Шуткобот для,2019-09-04 00:00:00,0
144,11,В жертву Озолю принесли,2019-08-30 00:00:00,0
145,11,В день знаний,2019-09-01 00:00:00,0
146,11,Самое глупое в лагере - это,2019-09-11 00:00:00,0
147,1,Пришло сообщение: 'Отличная возможность,2019-09-07 00:00:00,0
148,1,Выпускник института сыроедения и вегетарианства...,2019-09-13 19:00:00,0
149,1,"Россия для русских, шуткобот - для",2019-09-14 19:00:00,0
150,1,Главные заповеди шуткобота:,2019-09-15 19:00:00,0
151,1,После смерти все смешарики,2019-09-16 19:00:00,0
152,1,Нельзя просто так взять и,2019-09-17 19:00:00,0
153,1,Нельзя просто так взять и,2019-09-17 19:00:00,0
154,13,Вожатская - это,2019-10-21 00:00:00,0
155,11,Самое клёвое мероприятие в лагере,2019-09-25 00:00:00,0
156,15,"Это только начало, ",2019-09-14 00:00:00,0
157,15,Это тестовая шутка ,2019-09-15 00:00:00,0
158,15,,0000-00-00 00:00:00,0
159,15,,0000-00-00 00:00:00,0
160,15,,0000-00-00 00:00:00,0
161,15,Что общего между псом и твоим батей? ,2019-09-16 08:41:00,1
162,13,Я всегда беру в лагерь,2019-10-28 00:00:00,0
163,1,"Мальчик, который любил",2019-09-19 19:00:00,0
164,1,Слишком узкие,2019-09-20 19:00:00,0
165,1,Чтобы праздник удался,2019-09-22 19:00:00,0
167,1,Потеря девственности - это ,2019-09-23 19:00:00,0
168,1,В мире без,2019-09-24 19:00:00,0
169,1,Вырос в лесу,2019-09-25 19:00:00,0
170,11,До следующего лагеря нужно успеть,2019-11-25 00:00:00,1
171,1,Никогда не спрашивайте в аптеке,2019-09-26 19:00:00,0
172,1,Для повышения рождаемости,2019-09-27 19:00:00,0
173,1,Фильм про мою жизнь,2019-09-28 19:00:00,0
174,1,Абракадабра! - ,2019-09-29 19:00:00,0
175,1,Вместо мата лучше использовать,2019-09-30 19:00:00,0
176,1,Когда Путин у стоматолога,2019-10-10 10:00:00,0
177,1,Чтобы долго,2019-10-11 19:00:00,0
178,1,Если назвать корабль,2019-10-12 19:00:00,0
179,11,Больше всего из лагеря я скучаю по,2019-10-25 00:00:00,0
180,13,В отряде всегда много,2019-11-28 00:00:00,0
181,1,Худший тост на свадьбе лучшего друга,2019-11-12 10:00:00,0
182,1,Если Шаман дойдет до Москвы,2019-12-12 17:00:00,0
183,13,Выходные у вожатого,2019-12-15 00:00:00,0
184,13,На новогоднем утреннике вожатые,2019-12-18 00:00:00,0
185,13,"Вожатому страшно, когда",2019-12-21 00:00:00,0
186,13,"Вожатский Шуткобот хорош тем, что",2019-12-24 00:00:00,0
187,13,"'Ёлочка, гори', - с этими словами",2019-12-27 00:00:00,0
188,13,"Чтобы не было скучно на новогодних каникулах, ",2020-01-03 00:00:00,0
189,13,"Дети - паиньки, когда",2020-01-08 00:00:00,0
190,1,Иисус очень удивился,2019-12-25 00:00:00,0
191,1,Каждый третий,2019-12-26 00:00:00,0
192,1,Вместо игрушек ,2019-12-27 00:00:00,0
193,1,Чтобы удивить Деда Мороза,2019-12-28 00:00:00,0
194,1,На детском утреннике,2019-12-29 00:00:00,0
195,1,Напиши свое пожелание шуткоботу:,2019-12-30 00:00:00,0
196,1,"С Новым Годом, Шуткобот! Спасибо за этот год, друзья! Благодаря вам улыбок стало куда больше. ",2019-12-31 00:00:00,0
197,13,На зимней смене особенно удалось,2020-01-18 00:00:00,0
198,1,На Старый Новый год принято,2020-01-13 00:00:00,0
199,1,"Защитники животных потребовали изменить рассказ Муму,",2020-01-14 19:00:00,0
200,1,Если все лекарства заменить слабительным,2020-01-15 19:00:00,0
201,1,Новости: из российской психбольницы вновь сбежали пациенты,2020-01-16 19:00:00,0
202,1,В семье директора фабрики по производству клея,2020-01-17 19:00:00,0
203,1,В детстве Ведьмаку,2020-01-18 19:00:00,0
204,1,"Просто люблю, когда руки в тепле - ",2020-01-19 00:00:00,0
205,1,Фокусник любил выступать перед депутатами,2020-01-20 19:00:00,0
206,1,Умер основатель сканвордов,2020-01-21 19:00:00,0
207,1,"Обезьяна, обученная магии",2020-01-22 19:00:00,0
208,1,Колобок вернулся,2020-01-23 19:00:00,0
209,13,На встрече по обмену опытом вожатые,2020-01-28 00:00:00,0
210,1,Стеснительный порноактер,2020-01-24 19:00:00,0
211,1,На даче наркобарона,2020-01-25 19:00:00,0
212,1,В банановой республике,2020-01-26 20:30:00,0
213,1,В стране маленьких,2020-01-27 19:00:00,0
214,1,Дождливый январь?,2020-01-28 19:00:00,0
216,1,Дмитрию Медведеву теперь,2020-01-29 19:00:00,0
217,1,Яндекс.Бабушка - ,2020-01-31 19:00:00,0
218,1,Новый белорусский вирус,2020-01-30 19:00:00,0
219,1,Твоя мама,2020-02-01 19:00:00,0
220,13,Из объяснительной ребёнка:,2020-02-08 00:00:00,0
221,1,Пан Морковка,2020-02-03 19:00:00,0
222,13,В столовой лучше всего,2020-02-18 00:00:00,0
223,13,Сколько детей ни считай,2020-03-11 00:00:00,0
224,13,Вожатская весна начинается с,2020-03-01 00:00:00,0
225,1,"Маленький, но гордый",2020-02-04 19:00:00,0
226,1,Вместо лука,2020-02-05 19:00:00,0
227,1,Оргазмбург - это,2020-02-06 19:00:00,0
228,1,Чукотская поговорка ,2020-02-11 19:00:00,0
229,1,Великаны с черной кожей,2020-02-16 19:00:00,0
230,1,В парке небезопасно:,2020-02-18 19:00:00,0
231,1,"У Вадика отпала челюсть, когда...",2020-02-17 19:00:00,0
233,1,Илон Маск представил,2020-02-19 19:00:00,0
234,1,Путь к сердцу мужчины лежит через,2020-02-20 19:00:00,0
235,1,Раскрыт секрет хозяйственного мыла — ,2020-02-21 19:00:00,0
236,1,"Что делать, если к вам в гости зашел Путин?",2020-02-22 19:00:00,0
237,1,"На сочинском пляже дельфин спас человека, отговорив его",2020-02-23 19:00:00,0
238,1,"Я 20 лет прожила с парнем, и только сегодня он мне сказал…: «МАМА!!! Почему...",2020-02-24 19:00:00,0
239,1,На конкурсе скороговорок ,2020-02-25 19:00:00,0
240,1,Лягушка-путешественница,2020-02-26 19:00:00,0
241,1,Шок! Ученые нашли,2020-02-27 19:00:00,0
242,1,На Масленице,2020-02-29 10:00:00,0
243,1,"Зубы, выросшие не в том месте",2020-03-01 19:00:00,0
244,13,"Обещали самый лучший лагерь, а на самом деле",2020-03-21 00:00:00,0
245,13,В день дурака вожатый,2020-04-01 00:00:00,0
246,13,В международный женский день вожатым,2020-03-07 18:00:00,0
247,1,Если вскрыть,2020-03-02 19:00:00,0
248,1,Пират-интроверт,2020-03-03 19:00:00,0
249,1,После смерти,2020-03-05 19:00:00,0
250,1,Чтобы экономить электричество,2020-03-06 19:00:00,0
251,1,Сын депутата в Хогвартсе,2020-03-07 19:00:00,0
252,13,'А ты правда вожатый?' - 'Да' - 'А скажи что-нибудь по-вожатски?' -,2020-04-08 00:00:00,0
254,1,Греческие боги тоже были коррупционерами,2020-03-08 19:00:00,0
255,1,Первый телефонный разговор,2020-03-09 19:00:00,0
256,1,Директор в образе Гитлера,2020-03-10 19:00:00,0
257,1,Вампир плохо учился в школе,2020-03-11 19:00:00,0
258,1,Подушка с функцией памяти,2020-03-13 19:00:00,0
259,1,"Чем выше значение на градуснике,",2020-03-15 19:00:00,0
260,1,В день числа пи,2020-03-14 19:00:00,0
261,1,Европа - лучшее место ,2020-03-16 19:00:00,0
262,13,Плох тот вожатый,2020-04-04 00:00:00,0
263,13,Дети на вечернем мероприятии,2020-04-11 00:00:00,0
264,1,Последним человеком ,2020-03-18 19:00:00,0
265,1,Карантин - отличная возможность,2020-03-19 19:00:00,0
266,13,Из-за карантина,2020-03-24 00:00:00,0
268,16,"Это только начало, ",2020-03-27 00:00:00,0
269,16,Это тестовая шутка ,2020-03-28 00:00:00,0
270,1,С какой фразой позвонить в домофон чтобы точно открыли?,2020-03-30 10:00:00,0
271,16,Детей нужно защищать от,2020-04-02 09:55:00,0
275,16,Никогда не ешьте,2020-04-14 18:55:00,0
276,16,Астрологи объявили,2020-04-09 18:55:00,0
277,16,В день дурака,2020-04-01 18:55:00,0
278,16,В параллельной вселенной,2020-04-13 18:55:00,0
279,16,На чемпионате мира по,2020-06-21 09:55:00,0
280,16,"А Вы знаете, что каждый пятый пользователь instagram",2020-04-01 16:50:00,0
281,16,На выходных я предпочитаю,2020-04-24 18:55:00,0
282,16,Лучшая суперсила,2020-05-23 09:55:00,0
283,16,Когда я вырасту,2020-05-16 09:55:00,0
284,16,Instagram вводит новую функцию:,2020-04-03 18:55:00,0
285,16,Самое смешное в школе,2020-04-10 18:55:00,0
286,16,Бесконечно можно смотреть,2020-04-07 18:55:00,0
287,16,Новый белорусский вирус,2020-04-04 18:55:00,0
288,16,Илон Маск представил,2020-04-05 18:55:00,0
289,16,Шок! Ученые нашли,2020-04-01 16:45:00,0
290,16,Вампир плохо учился в школе,2020-04-06 18:55:00,0
291,16,Карантин - отличная возможность,2020-04-02 18:55:00,0
292,1,Новая мазь от прыщей - ,2020-04-01 10:00:00,0
293,1,Очень маленький террорист,2020-04-01 13:00:00,0
294,1,В тюрьме для неособо опасных преступников,2020-04-01 16:00:00,0
295,1,В ресторане с блюдами по мотивам детективов,2020-04-01 19:00:00,0
296,1,Как разыграть кого-то на 1 апреля?,2020-04-01 21:00:00,0
297,1,У котов на карантине,2020-04-02 19:00:00,0
298,13,Лучшая награда для вожатого,2020-04-18 00:00:00,0
299,1,Введен новый,2020-04-03 19:00:00,0
300,16,У котов на карантине,2020-04-04 09:55:00,0
301,1,А спонсор моего вечера,2020-04-04 19:00:00,0
302,1,Жизнь - это коробка,2020-04-05 19:00:00,0
303,1,Ученые вывели новый,2020-04-06 19:00:00,0
304,1,"Научить бабушку интернету не так сложно, нужно просто",2020-04-07 19:00:00,0
305,13,В родительский день,2020-04-15 00:00:00,0
306,13,Лучшая награда для вожатого,2020-04-21 00:00:00,0
307,13,"Как сказал один ребёнок,",2020-04-24 00:00:00,0
308,1,Пока Бог спал,2020-04-08 19:00:00,0
309,1,Хватит есть эту гадость! - ,2020-04-09 19:00:00,0
310,1,"Собеседник в мэрии Москвы, не уполномоченный давать комментарии, сказал:",2020-04-10 19:00:00,0
311,1,Подбери антоним к фразе ,2020-04-11 19:00:00,0
312,13,В день космонавтики вожатый,2020-04-12 19:00:00,0
313,1,Чтобы дистанционное обучение было веселее,2020-04-12 19:00:00,0
314,1,Шла 4 неделя карантина,2020-04-13 19:00:00,0
315,1,"Как понять, что ты",2020-04-15 19:00:00,0
316,1,Главный совет для начинающей веб-кам модели - ,2020-04-16 19:00:00,0
317,1,Когда Иисус был маленький,2020-04-21 19:00:00,0
318,1,Ленин любил,2020-04-22 19:00:00,0
319,13,Когда дело доходит до планерки,2020-04-27 00:00:00,0
320,13,В конце смены самое,2020-04-30 00:00:00,0
321,13,Дождливое лето - ерунда по сравнению с,2020-05-03 19:00:00,0
322,13,Карантин в лагере,2020-05-12 00:00:00,0
323,1,Карантин - ерунда по сравнению с,2020-04-23 19:00:00,0
324,1,Когда обезьяна стала человеком,2020-04-24 19:00:00,0
325,1,Какая собака тебя укусила??,2020-04-25 19:00:00,0
326,1,Главная проблема маленьких ,2020-04-27 19:00:00,0
327,1,На свидании никогда не говори,2020-04-28 19:00:00,0
328,1,Твой лозунг на #монстрация2020,2020-05-03 19:00:00,0
329,1,Если бы Lays стал выпускать,2020-05-04 19:00:00,0
330,13,Победа для вожатого,2020-05-09 00:00:00,0
331,13,Утро вожатого начинается с,2020-05-15 00:00:00,0
332,13,Дистанционный вожатый может,2020-05-06 00:00:00,0
333,1,В Думе сломался лифт,2020-05-05 19:00:00,0
334,1,"На воре и шапка горит, а на",2020-05-07 19:00:00,0
335,1,Заходят как-то русский и немец ,2020-05-08 19:00:00,0
336,13,Каждый вожатый знает,2020-05-18 00:00:00,0
337,1,Лайфхак для чипированных:,2020-05-12 19:00:00,0
338,13,Чем ближе лето,2020-05-21 00:00:00,0
340,13,Если лагеря отменят,2020-05-24 00:00:00,0
341,13,Правило вожатской,2020-05-27 00:00:00,0
343,13,Лето без лагерей - как,2020-06-20 00:00:00,0
344,13,Чтобы дети услышали,2020-06-27 00:00:00,0
345,1,Главная фишка с поправками,2020-06-20 19:00:00,0
346,1,"Бояться надо не вируса, а",2020-06-23 19:00:00,0
347,1,Подходит ко мне бабка в очереди на кассу и говорит:,2020-06-30 19:00:00,0
348,13,"Завтра смена, а я",2020-07-04 00:00:00,0
349,13,"Мой отряд, чтобы победить в конкурсе",2020-07-11 00:00:00,0
350,13,Если бы я был старшим вожатым ,2020-07-18 00:00:00,0
351,1,После обнуления,2020-07-04 19:00:00,0
352,1,"Девочка, а что это у тебя в лукошке?",2020-08-14 19:00:00,0
353,1,Пока все скупают золото,2020-08-15 19:00:00,0
354,1,"Алло, это Ленин?",2020-08-16 19:00:00,0
355,1,Российские ученые снова,2020-08-17 19:00:00,0
356,1,У всех тоталитарных правителей были ,2020-08-18 19:00:00,0
357,1,Бьет - значит,2020-08-19 19:00:00,0
358,1,Клоун ошибся,2020-08-20 19:00:00,0
359,1,Снайпер ошибся,2020-08-21 19:00:00,0
360,1,Хирург ошибся,2020-08-22 19:00:00,0
361,1,Админ шуткобота,2020-08-23 19:00:00,0
362,1,Теперь на улице обязательно,2020-08-24 19:00:00,0
363,1,Кладите под подушку,2020-08-25 19:00:00,0
364,13,Если в лагере есть корона,2020-08-15 00:00:00,0
365,13,У открывшихся лагерей новая проблема,2020-08-22 00:00:00,0
366,13,"Когда лето заканчивается, главное",2020-08-29 00:00:00,0
367,1,"Царь-пушка, Царь-бомба",2020-08-27 19:00:00,0
368,1,ОМОН Деда Мороза,2020-08-29 19:00:00,0
369,1,Скотч - это не только,2020-08-30 19:00:00,0
370,1,Библиотека снова стала популярной,2020-08-31 19:00:00,0
371,1,Астрологи объявили,2020-09-01 19:00:00,0
372,13,Первого сентября каждый вожатый,2020-09-01 00:00:00,0
373,13,После такого лета,2020-09-12 00:00:00,0
374,13,Летом вожатому смешно только,2020-09-19 00:00:00,0
375,1,Лимоны лучше младенцев:,2020-09-05 19:00:00,0
376,1,Супергерои уже не те,2020-09-06 19:00:00,0
377,1,Новые чипсы со вкусом ислама,2020-09-07 19:00:00,0
378,1,Заходит Сталин в крафт-бар,2020-09-08 19:00:00,0
379,1,Встречайте:новая шахматная фигура,2020-09-09 19:00:00,0
380,1,Никогда не открывайте смску от,2020-09-10 19:00:00,0
381,1,Выходит Навальный из ,2020-09-11 19:00:00,0
382,1,Башни-близнецы,2020-09-12 00:00:00,0
383,1,Сегодня вечером нельзя,2020-09-13 19:00:00,0
384,1,Геи-нигеры из космоса,2020-09-14 19:00:00,0
385,1,Теперь мавзолей ,2020-09-15 19:00:00,0
386,1,Этот город слишком,2020-09-16 19:00:00,0
387,1,"Мастурбация - прошлый век, я предлагаю",2020-09-17 19:00:00,0
388,1,Человек-какашка,2020-09-18 19:00:00,0
389,1,"Что делают зомби, если",2020-09-19 19:00:00,0
390,13,Вожатый легко может без,2020-09-26 00:00:00,0
391,1,"Балерина, страдающая",2020-09-20 19:00:00,0
392,1,"Неудавшиеся астрономы идут в астрологи, а ",2020-09-21 19:00:00,0
393,1,мидпунцапкоивокпжглвофыж,2020-09-22 19:00:00,0
394,13,В рамках обмена опытом,2020-10-03 00:00:00,0
395,1,Губная гармошка,2020-09-23 19:00:00,0
396,1,Хорошие котики делают,2020-09-24 19:00:00,0
397,1,Илон Маск решил снять фильм,2020-09-25 19:00:00,0
398,1,Чтобы спастись от коронавируса,2020-09-26 19:00:00,0
399,1,"Сколько Шуткобота не корми, ",2020-09-27 19:00:00,0
400,1,Бобёр забыл,2020-09-28 19:00:00,0
401,1,Новый сервис - Сбер,2020-09-29 19:00:00,0
402,1,С днем Бетона!,2020-09-30 19:00:00,0
403,1,Проезд в метро и на МЦК,2020-10-01 19:00:00,0
404,1,Не время для новых шуток -,2020-10-02 19:00:00,0
405,1,"Осень наступила, падают",2020-10-03 19:00:00,0
406,1,Каннибал на необитаемом,2020-10-04 19:00:00,0
407,1,Чем школьная скамья отличается от ,2020-10-05 19:00:00,0
408,1,"Срок за репост пролетит быстрее, если",2020-10-14 19:00:00,0
409,1,Памятник Прокрастинации,2020-10-30 19:00:00,0
410,1,Новый французский ,2020-10-31 19:00:00,0
411,1,"Ноябрь пролетит быстро, если",2020-11-01 19:00:00,0
412,1,4534,2020-11-02 19:00:00,0
413,1,На американском избирательном участке,2020-11-03 19:00:00,0
414,1,В клубе анонимных,2020-11-06 19:00:00,0
415,1,Паук-трансвестит,2020-11-08 19:00:00,0
416,1,Свингеры-астрономы,2020-11-09 19:00:00,0
417,1,Барабанщик с синдромом,2020-11-10 19:00:00,0
418,1,Даже подкроватный монстр,2020-11-11 19:00:00,0
419,1,В декабре 2020 нужно успеть,2020-11-12 19:00:00,0
420,1,В инстаграме Гитлера,2020-11-13 19:00:00,0
421,1,У российской вакцины нашли,2020-11-16 19:00:00,0
422,1,Каждая вторая жена,2020-11-17 19:00:00,0
423,1,В зоопарке для инопланетян,2020-11-18 19:00:00,0
424,1,"Корова, которая много смотрела ",2020-11-19 19:00:00,0
425,1,"Геи, депутаты, шахтеры - их всех объединяет",2020-11-20 19:00:00,0
426,1,"Сколько нужно американских президентов, чтобы",2020-11-23 19:00:00,0
427,1,Бухгалтер-астролог,2020-11-24 19:00:00,0
428,1,Квантовые наушники,2020-11-25 19:00:00,0
429,1,Советские купидоны,2020-11-26 19:00:00,0
433,1,Блюдо ^^Харакири^^,2020-11-27 19:00:00,0
434,1,На чемпионате мира по подъёбам,2020-11-28 19:00:00,0
435,1,Самый распространенный овощ,2020-11-30 19:00:00,0
436,1,Как назвать бегущую курицу?,2020-12-01 19:00:00,0
437,1,"Трансженщины - это женщины, а",2020-12-02 19:00:00,0
438,1,"Кошка, которая гуляла сама по себе",2020-12-03 19:00:00,0
439,1,Дьявол выпустил свою подписку,2020-12-04 19:00:00,0
440,1,Ненавижу молочный коктейль,2020-12-08 19:00:00,0
441,1,В русской кибердеревне,2020-12-09 19:00:00,0
442,1,На конкурсе умных колонок,2020-12-10 19:00:00,0
444,1,Сломанная челюсть - ,2020-12-11 19:00:00,0
446,1,ТикТок для церкви ,2020-12-14 19:00:00,0
447,1,После переименования полиции в,2020-12-15 19:00:00,0
448,1,"Першин - это не только квас, ",2020-12-18 19:00:00,0
449,1,Дом 2 закрывают,2020-12-19 19:00:00,0
450,1,Если бы дизайном русских автомобилей занимались,2020-12-22 19:00:00,0
451,1,"Черт возьми, она",2020-12-21 19:00:00,0
452,1,У Лего появился новый набор,2020-12-23 19:00:00,0
453,1,Михалков принял ЛСД,2020-12-24 19:00:00,0
454,1,Новый тренд: ставить на рождество,2020-12-25 19:00:00,0
455,1,Что дизайнеры добавляют в Оливье,2021-01-11 19:00:00,0
456,1,Чересчур вежливый коллектор,2021-01-12 19:00:00,0
457,1,Старый Новый год был признан,2021-01-13 19:00:00,0
458,1,Последний твит Трампа:,2021-01-14 19:02:00,0
459,1,Худший слоган для российской вакцины,2021-01-15 19:01:00,0
460,1,Кролики из Германии,2021-01-18 19:01:00,0
462,1,Стоп-слово для чиновников,2021-01-19 19:11:00,0
463,1,Если русские сказки экранизировал,2021-01-20 12:43:00,0
465,1,В библиотеке имени Кадырова,2021-01-21 19:00:00,0
466,1,Три правила аквадискотеки:,2021-01-22 19:00:00,0
467,1,Чтобы в СИЗО могло поместиться больше людей,2021-01-23 19:00:00,0
468,1,Проститутки из-за карантина,2021-01-24 19:00:00,0
469,1,На похоронах стендап-комика,2021-01-26 19:02:00,0
470,1,Самый страшный враг для жирафов-рыцарей,2021-01-27 19:00:00,0
471,1,Варламов выпустил обзор на Рай,2021-01-28 19:00:00,0
472,1,Пушкин не любил блевать на занавески,2021-01-29 19:00:00,0
473,1,Если смазывать петли майонезом,2021-01-30 19:00:00,0
474,1,Между патриархом и динозаврами,2021-02-01 19:00:00,0
475,1,Что общего между патологоанатомом и стилистом?,2021-02-02 19:00:00,0
476,1,Клоун-космонавт,2021-02-04 19:00:00,0
477,1,На свадьбе в стиле Поле чудес,2021-02-05 19:00:00,0
478,1,Песков проговорился:,2021-02-09 19:00:00,0
479,1,Твой мусорный пакет,2021-02-10 19:00:00,0
480,1,"Если на тебя подал суд ветеран Ледового побоища, то",2021-02-11 19:00:00,0
481,1,В метро по аду Данте,2021-02-12 19:00:00,0
482,1,В гендерно-нейтральной тюрьме,2021-02-17 19:00:00,0
483,1,Бородатый колобок,2021-02-18 19:00:00,0
484,1,"Американские марсоходы носят названия Возможность, Любопытство, Настойчивость. А какое имя будет у русского марсохода?",2021-02-19 19:00:00,0
485,1,Что нельзя распечатать на 3d принтере?,2021-02-21 19:00:00,0
486,1,Мужская традиция на 23 февраля,2021-02-22 19:00:00,0
487,1,Библиотечного кота арестовали,2021-02-23 19:00:00,0
488,1,"Что можно сказать и во время секса, и во время урока?",2021-02-24 19:00:00,0
489,1,Каменисты - это,2021-02-25 19:00:00,0
490,1,В стране невыученных уроков,2021-03-01 19:00:00,0
491,1,Карабас-Ганджубас,2021-03-02 19:00:00,0
492,1,Недоступный полицейский,2021-03-03 19:00:00,0
493,1,Божественный приход патриарха,2021-03-04 19:00:00,0
494,1,Мальчик нашел не ту касссету,2021-03-05 19:00:00,0
495,1,Мясокомбинат Алёша,2021-03-08 19:00:00,0
496,1,"Как понять, что человек",2021-03-09 19:00:00,0
497,1,В единственном арктическом баре,2021-03-10 19:00:00,0
498,1,Мясокомбинат Алеша,2021-03-12 19:00:00,0
499,1,В день числа пи,2021-03-13 19:00:00,0
500,1,Если пустить по вене спутник,2021-03-14 19:00:00,0
501,1,Если бы Америку открыли русские,2021-03-15 19:00:00,0
502,1,Вьетнамцы по-особенному отмечают день святого Патрика,2021-03-16 19:00:00,0
503,1,"Чтобы спереди погладить, надо сзади полизать.Что это?",2021-03-17 19:00:00,0
504,13,Лучший розыгрыш в лагере,2021-04-01 18:00:00,0
505,1,В азбуке плохого вкуса,2021-04-11 19:00:00,0
506,1,"Прости, Илон ",2021-04-12 19:00:00,0
507,1,Курить в школе это как,2021-04-13 19:00:00,0
508,1,В университете для наркоманов,2021-04-14 19:00:00,0
509,1,"Когда нечего смотреть, я",2021-04-15 19:00:00,0
510,1,Половина весны прошла,2021-04-16 19:00:00,0
511,1,Прошел год с самоизоляции,2021-04-17 19:00:00,0
512,1,Если каждый человек скинет,2021-04-19 19:00:00,0
513,1,Король Филипп так любил,2021-04-28 19:00:00,0
514,1,"Если все не то, и все не так",2021-04-29 19:00:00,0
515,1,Крокодил из квашеной капусты,2021-05-13 19:00:00,0
516,1,Египетский гаишник,2021-05-14 19:00:00,0
517,1,Самая страшная аллергия,2021-05-15 19:00:00,0
518,1,"Сколько проститутокнужно, чтобы вкрутить лампочку?",2021-05-17 19:00:00,0
519,1,Однажды две лягушки упали в кувшин с молоком.,2021-05-20 19:00:00,0
520,1,Золотая чаша,2021-05-21 19:00:00,0
521,1,В завещании IT-специалист попросил,2021-05-22 19:00:00,0
522,1,Два года я искал,2021-05-23 19:00:00,0
523,1,Ключ от сердца вахтера,2021-05-26 19:00:00,0
524,1,У женщин 7 эрогенных зон.,2021-06-03 19:00:00,0
525,1,Каждый священник субботним утром,2021-06-05 00:00:00,0
526,1,Лучше поставить на будильник,2021-06-04 19:00:00,0
527,17,"Это только начало, ",2021-07-25 00:00:00,0
528,17,Это тестовая шутка ,2021-07-26 00:00:00,0
529,1,"Меркурий в Петрограде, Венера в Ленинграде, а я",2021-09-20 19:00:00,0
530,1,А чтобы депутат был худым,2021-09-21 19:00:00,0
531,1,На войне экстравертов с интровертами,2021-09-22 19:00:00,0
532,1,Как называется перестрелка между всеми гендерами?,2021-09-23 19:00:00,0
533,1,"Скелеты в гробах, скелеты в шкафах, скелеты внутри людей ",2021-09-24 19:00:00,0
534,1,"Водочка - для лёгкой походочки, пивка - для рывка, ну а",2021-09-28 19:00:00,0
535,1,"Если хочешь быть красивым и успешным,",2021-09-29 19:00:00,0
536,1,Стране нужно больше логопедов,2021-09-30 19:00:00,0
537,1,Гранит науки ,2021-10-01 19:00:00,0
538,1,В сердцах москвичей,2021-10-02 19:00:00,0
539,1,"Курица дает яйца, а корова",2021-10-04 19:00:00,0
540,1,Всадник без головы,2021-10-05 19:00:00,0
541,1,Поросенок Петр перепутал,2021-10-06 19:00:00,0
542,1,Буллинг,2021-10-07 19:00:00,0
543,1,"Пятница - развратница, а ",2021-10-08 19:00:00,0
544,1,SMMщик неандерталец ,2021-10-12 19:00:00,0
545,1,В стране лилипутов,2021-10-13 19:00:00,0
546,1,Если восстание машин начнется с,2021-10-14 19:00:00,0
547,1,Если аист уронил ребенка,2021-10-15 19:00:00,0
548,1,На свадьбе у стоматолога,2021-12-19 19:00:00,0
549,1,Как назывались бы духи от Путина?,2021-12-20 19:00:00,0
550,1,Египетский Мавроди,2021-12-21 19:05:00,0
551,1,Колобок с диареей,2021-12-25 19:00:00,0
552,1,Волки католики,2021-12-26 19:00:00,0
553,1,Африканские староверы,2021-12-27 19:00:00,0
554,1,Великан проходит собеседование,2021-12-28 19:00:00,0
555,1,Трезвый Дед Мороз,2021-12-29 19:00:00,0
556,1,Зеленского облили йодом,2021-12-30 19:00:00,0
557,1,С Новым,2021-12-31 19:00:00,0
558,1,"Алло, это доедательная?",2022-01-01 19:00:00,0
559,1,Сонный водитель трамвая,2022-01-30 19:00:00,0
560,1,Если начинает набирать просмотры,2022-01-31 19:00:00,0
561,1,"В безвоздушном пространстве никто не услышит твой крик, а в бездушном",2022-02-01 19:00:00,0
562,1,Красивая дата не исправит,2022-02-02 19:00:00,0
563,1,Уютное насилие,2022-02-03 19:00:00,0
564,1,Внуки антипрививочников,2022-02-04 19:00:00,0
565,1,Акула в детском ,2022-02-05 10:00:00,0
567,1,Вопрос из ЕГЭ 2084 года:,2022-02-07 19:00:00,0
568,1,Новый бургер в макдональдс!,2022-04-04 19:00:00,0
573,1,Лес рук,2022-04-09 19:00:00,0
574,1,"Собрались итальянец, француз и немец",2022-06-18 11:26:00,0
575,1,В детском саду для детей мафиози,2022-06-19 19:00:00,0
576,13,В июне в лагере особенно не хватает,2022-06-20 00:00:00,0
577,13,Главная фишка этого лета - ,2022-06-27 00:00:00,0
578,13,В конце сезона жалею только об одном,2022-08-30 00:00:00,0
579,13,Первое правило работы на старших отрядах -,2022-07-04 00:00:00,0
580,1,В огороде у предприимчивого пенсионера,2022-06-20 19:00:00,0
581,1,Кошка директора ликеро-водочного завода,2022-06-22 19:00:00,0
582,1,После встречи Дарвина и Тарзана,2022-06-23 19:00:00,0
583,1,Почему тебя зовут МиниВалуев?,2022-06-21 19:00:00,0
584,1,Соревнования по плавающей запятой,2022-06-24 19:00:00,0
585,1,Коллекторы из банка спермы,2022-06-25 19:00:00,0
586,1,Лифт для клаустрофобов,2022-06-26 19:00:00,0
587,1,"Проститутка, которая стала журналисткой",2022-06-27 19:00:00,0
588,1,В городе Оргазмбург,2022-06-28 19:00:00,0
589,1,Компания Лего выпустила наборы для,2022-06-29 19:00:00,0
590,1,"Веганы, которые любят мясо",2022-07-01 19:00:00,0
591,1,Макаронная бомба,2022-07-02 10:00:00,0
592,1,У кровавой Мэри была сестра,2022-07-03 10:00:00,0
593,1,Германия так зависит,2022-07-07 19:00:00,0
594,1,Из-за санкций в тридевятом царстве,2022-07-08 19:00:00,0
595,1,"Шарф, связанный из пальцев",2022-07-09 10:00:00,0
596,1,Лягушка с AliExpress,2022-07-10 10:00:00,0
597,1,"Трудовик хотел начать жизнь с чистого листа, но",2022-07-11 19:00:00,0
598,1,Батя постоянно слушал детскую музыку,2022-07-12 19:00:00,0
599,1,Вахтерша была такая сексуальная,2022-07-13 19:00:00,0
600,1,На фабрике съедобного нижнего белья,2022-07-14 19:00:00,0
601,1,Твоя мама такая,2022-07-15 19:00:00,0
602,1,Из-за санкций в тридевятом царстве,2022-07-16 19:00:00,0
603,1,"Встречайте, новый сервис: Яндекс.",2022-07-17 19:00:00,0
604,13,"Если бы родители узнали о том, что в лагере",2022-07-18 00:00:00,0
605,1,Гаишник с волшебным жезлом,2022-07-18 19:00:00,0
606,1,"Если бы алкоголь и наркотики перестали существовать,",2022-07-20 19:00:00,0
607,1,В новом ералаше от Быкова,2022-07-22 19:00:00,0
608,1,В детективном сериале для математиков,2022-07-23 19:00:00,0
609,1,Валуев устроился в техподдержку,2022-07-25 19:00:00,0
610,1,Бабушка-химик,2022-07-26 19:00:00,0
611,1,После смерти технари,2022-07-27 19:00:00,0
612,1,В лаборатории органического синтеза,2022-07-28 19:00:00,0
613,1,Чем арахисовое масло отличается от джема?,2022-07-29 19:00:00,0
614,1,На съезде вейперов,2022-07-30 19:00:00,0
615,1,В тюрьме для клоунов,2022-07-31 19:00:00,0
616,1,Змея коричневого цвета,2022-08-01 19:00:00,0
617,1,Куда ходят молиться прокрастинаторы?,2022-08-02 19:00:00,0
618,1,Кролики бдсмщики,2022-08-03 19:00:00,0
619,1,Депутаты от выдуманной партии,2022-08-04 19:00:00,0
620,1,В клубе им. Ленина,2022-08-05 19:00:00,0
621,1,В сша импортозаместили черноголовку,2022-08-06 19:00:00,0
622,1,Электронные сигареты? Электронное голосование? ,2022-09-09 19:00:00,0
623,1,"Чтобы стать королевской, кобре пришлось",2022-09-10 19:00:00,0
624,1,Водолаз опустился так глубоко,2022-09-11 10:00:00,0
625,1,Теперь на уроках труда,2022-09-12 19:00:00,0
626,1,Пить станет проще,2022-09-13 19:00:00,0
627,1,Новый гендер - колобок:,2022-09-14 19:00:00,0
628,1,У Бога альцгеймер,2022-09-15 19:00:00,0
629,1,Перепутав Тайвань и Тайланд,2022-09-16 19:00:00,0
630,1,Немецкий смартфон имеет три режима,2022-09-18 10:00:00,0
631,1,Представьте мир наоборот:,2022-09-19 19:00:00,0
632,1,Собака айтишника,2022-09-17 19:00:00,0
633,1,"Алло, это колокольня?",2022-09-20 19:00:00,0
634,1,На нетворкинге людоедов,2022-09-21 19:00:00,0
635,1,Если включить авиарежим,2022-11-29 19:00:00,0
636,1,Почему море мертвое?,2022-12-02 19:00:00,0
637,1,Стиральная машина для быдла,2022-12-01 19:00:00,0
638,1,Как вы отметите День Секса?,2022-11-30 19:00:00,0
639,1,"Теперь заживём! Госдума приняла закон, разрешающий",2022-12-03 19:00:00,0
640,1,Что тебе нужно от Питера? В целях развития внутреннего туризма было принято решение,2022-12-04 19:00:00,0
641,1,Самый странный вопрос на собеседовании в,2022-12-05 19:00:00,0
642,1,На празднике урожая произошла трагедия:,2022-12-06 19:00:00,0
643,1,День бабушек в Молдавии был омрачен,2022-12-07 19:00:00,0
644,1,Чёрная пятница в Шуткоботе: только сегодня можно,2022-12-09 19:00:00,0
645,1,Набираю команду ребят! Будем делать кэш на,2022-12-08 19:00:00,0
646,1,На чемпионате мира по ребусам,2022-12-10 19:00:00,0
647,1,Личный водитель Соловьева по вечерам,2022-12-11 19:00:00,0
648,1,Если набрать полный рот,2022-12-12 19:00:00,0
649,1,Что первым делом сказал Лунтик?,2022-12-13 19:00:00,0
650,1,Начинаем подводить итоги года: самым популярным товаром 2022 года стал,2022-12-22 19:00:00,0
651,1,Сенсация на ЧМ по футболу:,2022-12-14 19:00:00,0
652,1,«Лучше до этого не доводить» ,2022-12-15 19:00:00,0
653,1,Правила жизни моржа:,2022-12-16 19:00:00,0
654,1,В ритуальных услугах акция:,2022-12-20 19:00:00,0
655,1,"Собачка делает гав, а",2022-12-21 19:00:00,0
656,1,Если все мужчины втянут живот,2022-12-23 19:00:00,0
657,1,Гарри Поттер и Дефлорация:,2022-12-28 19:00:00,0
658,1,В семье циркачей,2022-12-29 19:00:00,0
659,1,Шуткобот поздравляет тебя с Новым Годом и желает,2022-12-31 19:00:00,0
660,1,Новогодний салат ,2023-01-11 19:00:00,0
661,1,Петух агорафоб,2023-01-12 19:00:00,0
662,1,Дед не забыл выпить таблетки,2023-01-14 19:00:00,0
663,1,Разница между жутким мужиком и ужасным,2023-01-13 19:00:00,0
664,1,Новый ресторан Вкусно и знак вопроса,2023-01-17 19:00:00,0
665,1,Если корабль назвать Си Цзиньпин,2023-01-18 19:00:00,0
666,1,"Чеховское ружье, Лампочка Ильича, а",2023-01-19 19:00:00,0
667,1,Звенит январская капель,2023-01-20 19:00:00,0
668,1,Вместо смс от МЧС пришла,2023-01-22 19:00:00,0
669,1,Прыгает вдвшник в колодец желаний,2023-01-23 19:00:00,0
670,1,Что общего между вахтершей и первой любовью?,2023-01-24 19:00:00,0
671,1,У принтера в аду ,2023-01-25 19:00:00,0
672,1,"На банковской карточке учителя было так мало денег, что",2023-01-26 19:00:00,0
673,1,Внезапная проверка в борделе,2023-01-27 19:00:00,0
674,1,Не давайте в руки,2023-01-28 19:00:00,0
675,1,Самый-самый-самый человек дорогой,2023-01-29 19:00:00,0
676,1,Кишечник феминистки ,2023-01-30 19:00:00,0
677,1,Веганы делятся,2023-01-31 19:00:00,0
678,1,"Я, как ответственный гражданин,",2023-03-11 10:00:00,0
679,1,Что общего между цирковым училищем и йога-институтом?,2023-03-12 19:00:00,0
680,1,Денис Дорохов стал лицом,2023-03-15 19:00:00,0
681,1,Заходит как-то Джо,2023-03-14 19:00:00,0
683,1,Больше всего математики боятся,2023-03-13 19:00:00,0
684,1,Корабль Портовая шлюха,2023-03-16 19:00:00,0
685,1,Бонусы спасибо теперь можно обменять,2023-03-17 19:00:00,0
686,1,Я уже свое отсидел,2023-03-19 10:00:00,0
687,1,Петарды Отрыжка деда,2023-03-23 19:00:00,0
688,1,Америка ввела санкции против Луны,2023-03-22 19:00:00,0
689,1,В России протесты,2023-03-21 19:00:00,0
690,1,Жук-стриптизер,2023-03-24 19:00:00,0
692,1,На Разговорах о важном в,2023-03-28 19:00:00,0
693,1,404. Не найдено,2023-04-04 19:00:00,0
694,1,Проведите параллель между ГУЛАГом и Смешариками:,2023-04-05 19:00:00,0
695,1,"Нейросеть, обученная на",2023-04-11 19:00:00,0
696,1,В детском садике для ,2023-04-12 19:00:00,0
697,1,Если накормить виагрой,2023-04-13 19:00:00,0
698,1,"Корова, которая дает",2023-04-14 19:00:00,0
699,1,"Огонь - пасхальный, вода - святая, земля - пухом, а воздух",2023-04-15 19:00:00,0
700,1,Коммунист на бизнес-курсах,2023-04-16 19:00:00,0
701,1,Милонов сменил работу,2023-04-18 19:00:00,0
702,13,На тихом часу младшие отряды,2023-06-18 00:00:00,0
703,13,Ненавижу работать в лагере с,2023-06-25 00:00:00,0
704,13,Паника! Все вожатые забыли,2023-07-02 00:00:00,0
705,13,Вчера Маша и Петя подрались из-за,2023-07-09 00:00:00,0
706,1,Если бы у бабушки ,2023-06-17 10:00:00,0
707,13,В спешке вожатые,2023-07-18 00:00:00,0
708,13,Неожиданное открытие в лагере:,2023-07-23 00:00:00,0
709,13,Ребенок на мастер-классе нарисовал картину под названием,2023-07-30 00:00:00,0
710,13,"Обожаю, когда в лагере",2023-08-06 00:00:00,0
711,13,Среди запрещенки впервые нашли,2023-08-13 00:00:00,0
712,13,На последней смене сложнее всего,2023-08-20 00:00:00,0
713,13,С началом осени вожатые,2023-09-10 00:00:00,1
714,1,Что общего между цирковым училищем и йога-институтом?,2023-10-15 19:00:00,0
715,1,Бар «Джо Байден»,2023-10-17 19:00:00,0
716,1,"Кролик, который много",2023-10-19 19:00:00,0
718,1,"Сила измеряется в ньютонах, а ",2023-10-21 19:00:00,0
719,1,Где паралитик?,2023-10-23 19:00:00,0
720,1,Волшебник с расстройством,2023-10-25 19:00:00,1
